{
	"info": {
		"_postman_id": "cd419feb-2dfd-4c56-ba0e-6d6307956333",
		"name": "Employee_Management_System",
		"schema": "https://schema.getpostman.com/json/collection/v2.1.0/collection.json",
		"_exporter_id": "21136038",
		"_collection_link": "https://solar-resonance-864605.postman.co/workspace/Blog-API-testing~5ab9f8ca-5d49-4b17-a151-fa1cd3b38e57/collection/21136038-cd419feb-2dfd-4c56-ba0e-6d6307956333?action=share&source=collection_link&creator=21136038"
	},
	"item": [
		{
			"name": "Organization",
			"item": [
				{
					"name": "api/organizations",
					"request": {
						"method": "POST",
						"header": [],
						"body": {
							"mode": "raw",
							"raw": "{\r\n    \"shortCode\":\"NH\",\r\n    \"address\":\"whitefield \",\r\n    \"city\":\"Banglore\",\r\n    \"country\":\"India\",\r\n    \"state\":\"Karnataka\",\r\n    \"pincode\":\"654653\",\r\n    \"createdDate\":\"2024-09-04T15:30:00\",\r\n    \"modifiedDate\":null,\r\n    \"deletedDate\":null\r\n}",
							"options": {
								"raw": {
									"language": "json"
								}
							}
						},
						"url": {
							"raw": "http://localhost:8080/api/organizations",
							"protocol": "http",
							"host": [
								"localhost"
							],
							"port": "8080",
							"path": [
								"api",
								"organizations"
							]
						}
					},
					"response": []
				},
				{
					"name": "api/organizations",
					"request": {
						"method": "GET",
						"header": [],
						"url": {
							"raw": "http://localhost:8080/api/organizations",
							"protocol": "http",
							"host": [
								"localhost"
							],
							"port": "8080",
							"path": [
								"api",
								"organizations"
							]
						}
					},
					"response": []
				},
				{
					"name": "?page=1&pageSize=10",
					"request": {
						"method": "GET",
						"header": [],
						"url": {
							"raw": "localhost:8080/api/organizations?page=1&pageSize=02",
							"host": [
								"localhost"
							],
							"port": "8080",
							"path": [
								"api",
								"organizations"
							],
							"query": [
								{
									"key": "page",
									"value": "1"
								},
								{
									"key": "pageSize",
									"value": "02"
								}
							]
						}
					},
					"response": []
				}
			]
		},
		{
			"name": "Department",
			"item": [
				{
					"name": "New Request",
					"request": {
						"method": "POST",
						"header": [],
						"body": {
							"mode": "raw",
							"raw": "{ \r\n  \"organizationId\": 1,\r\n  \"name\": \"HR Department\",\r\n  \"createdDate\": \"2024-09-05T10:30:00\",\r\n  \"modifiedDate\": \"2024-09-05T12:00:00\",\r\n  \"deletedDate\": null\r\n}",
							"options": {
								"raw": {
									"language": "json"
								}
							}
						},
						"url": {
							"raw": "http://localhost:8080/api/departments",
							"protocol": "http",
							"host": [
								"localhost"
							],
							"port": "8080",
							"path": [
								"api",
								"departments"
							]
						}
					},
					"response": []
				},
				{
					"name": "New Request",
					"request": {
						"method": "GET",
						"header": []
					},
					"response": []
				},
				{
					"name": "?page=1&pageSize=10",
					"request": {
						"method": "GET",
						"header": [],
						"url": {
							"raw": "localhost:8080/api/departments?page=1&pageSize=02",
							"host": [
								"localhost"
							],
							"port": "8080",
							"path": [
								"api",
								"departments"
							],
							"query": [
								{
									"key": "page",
									"value": "1"
								},
								{
									"key": "pageSize",
									"value": "02"
								}
							]
						}
					},
					"response": []
				}
			]
		},
		{
			"name": "Designation",
			"item": [
				{
					"name": "create/designation",
					"request": {
						"method": "POST",
						"header": [],
						"body": {
							"mode": "raw",
							"raw": "{\r\n    \"name\": \"Senior Developer\"\r\n}\r\n",
							"options": {
								"raw": {
									"language": "json"
								}
							}
						},
						"url": {
							"raw": "http://localhost:8080/api/designations",
							"protocol": "http",
							"host": [
								"localhost"
							],
							"port": "8080",
							"path": [
								"api",
								"designations"
							]
						}
					},
					"response": []
				},
				{
					"name": "get/designation",
					"request": {
						"method": "GET",
						"header": []
					},
					"response": []
				},
				{
					"name": "?page=1&pageSize=10",
					"request": {
						"method": "GET",
						"header": [],
						"url": {
							"raw": "localhost:8080/api/designations?page=1&pageSize=05",
							"host": [
								"localhost"
							],
							"port": "8080",
							"path": [
								"api",
								"designations"
							],
							"query": [
								{
									"key": "page",
									"value": "1"
								},
								{
									"key": "pageSize",
									"value": "05"
								}
							]
						}
					},
					"response": []
				}
			]
		},
		{
			"name": "Employee",
			"item": [
				{
					"name": "api/employees",
					"request": {
						"method": "POST",
						"header": [],
						"body": {
							"mode": "raw",
							"raw": "{\r\n    \"empCode\": \"EMP456\",\r\n    \"firstName\": \"raj\",\r\n    \"lastName\": \"lal\",\r\n    \"fullName\": \"raj lal\",\r\n    \"emailId\": \"raj.lal@tcs.com\",\r\n    \"phone\": \"8976546789\",\r\n    \"doj\": \"2022-02-03\",\r\n    \"organizationId\": 1,\r\n    \"designationId\": 1\r\n}\r\n",
							"options": {
								"raw": {
									"language": "json"
								}
							}
						},
						"url": {
							"raw": "localhost:8080/api/employees",
							"host": [
								"localhost"
							],
							"port": "8080",
							"path": [
								"api",
								"employees"
							]
						}
					},
					"response": []
				},
				{
					"name": "get/api/employees",
					"request": {
						"method": "GET",
						"header": []
					},
					"response": []
				},
				{
					"name": "get/employees/pagination",
					"request": {
						"method": "GET",
						"header": [],
						"url": {
							"raw": "localhost:8080/api/employees?page=1&pageSize=02",
							"host": [
								"localhost"
							],
							"port": "8080",
							"path": [
								"api",
								"employees"
							],
							"query": [
								{
									"key": "page",
									"value": "1"
								},
								{
									"key": "pageSize",
									"value": "02"
								}
							]
						}
					},
					"response": []
				}
			]
		}
	]
}